{"cameraMode":{"drawMode":0,"name":"Shaded","section":"Shading Mode"},"sceneLighting":false,"audioPlay":false,"sceneViewState":{"m_AlwaysRefresh":false,"showFog":true,"showSkybox":false,"showFlares":true,"showImageEffects":true,"showParticleSystems":true,"showVisualEffectGraphs":true,"m_FxEnabled":true},"in2DMode":false,"pivot":{"x":7.6413469314575199,"y":0.6637957096099854,"z":-6.515569686889648},"rotation":{"x":-0.22864577174186707,"y":0.020180704072117807,"z":-0.0060408515855669979,"w":-0.9735073447227478},"size":0.662181556224823,"orthographic":false}