{"cameraMode":{"drawMode":0,"name":"Shaded","section":"Shading Mode"},"sceneLighting":false,"audioPlay":false,"sceneViewState":{"m_AlwaysRefresh":false,"showFog":true,"showSkybox":false,"showFlares":true,"showImageEffects":true,"showParticleSystems":true,"showVisualEffectGraphs":true,"m_FxEnabled":true},"in2DMode":false,"pivot":{"x":-0.41135525703430178,"y":1.2858655452728272,"z":-0.6878619194030762},"rotation":{"x":0.020589400082826616,"y":0.9007759094238281,"z":0.042997732758522037,"w":-0.4317834675312042},"size":1.4972926378250123,"orthographic":false}