{"cameraMode":{"drawMode":0,"name":"Shaded","section":"Shading Mode"},"sceneLighting":false,"audioPlay":false,"sceneViewState":{"m_AlwaysRefresh":false,"showFog":true,"showSkybox":false,"showFlares":true,"showImageEffects":true,"showParticleSystems":true,"showVisualEffectGraphs":true,"m_FxEnabled":true},"in2DMode":false,"pivot":{"x":24.740108489990236,"y":1.0978165864944459,"z":21.9997615814209},"rotation":{"x":-0.004674890544265509,"y":-0.9827122688293457,"z":0.022334173321723939,"w":-0.18461491167545319},"size":1.4970134496688843,"orthographic":false}