{"cameraMode":{"drawMode":0,"name":"Shaded","section":"Shading Mode"},"sceneLighting":false,"audioPlay":false,"sceneViewState":{"m_AlwaysRefresh":false,"showFog":true,"showSkybox":false,"showFlares":true,"showImageEffects":true,"showParticleSystems":true,"showVisualEffectGraphs":true,"m_FxEnabled":true},"in2DMode":false,"pivot":{"x":0.0003234446048736572,"y":0.3718501329421997,"z":4.9988555908203129},"rotation":{"x":-0.25320008397102358,"y":0.04031733423471451,"z":-0.011894481256604195,"w":-0.9667342901229858},"size":0.6435779333114624,"orthographic":false}